kind,id,name,status
Destination,1,Samal Island,Needs a verified photograph
Destination,3,Philippine Eagle Center,Needs a verified photograph
Destination,6,Malagos Garden Resort,Needs a verified photograph
Destination,7,Mount Apo Natural Park,Needs a verified photograph
Destination,8,Dahican Beach,Needs a verified photograph
Destination,9,SMX Convention Center Davao,Needs a verified photograph
Destination,10,Belviz Farm,Needs a verified photograph
Destination,12,Bukid Amara Tourism Agriventures Corporation,Needs a verified photograph
Destination,13,Damosa Land Inc. / Agriya Naturetainment,Needs a verified photograph
Destination,14,Isla- Agri Ventures Inc,Needs a verified photograph
Destination,15,Lao Integrated Farms,Needs a verified photograph
Destination,17,JKM Mini Zoo,Needs a verified photograph
Destination,18,Apo Golf and Country Club,Needs a verified photograph
Destination,19,Rancho Palos Verdes Golf & Sports Club Inc.,Needs a verified photograph
Destination,20,Rancho Palos Verdes Golf & Sports Club Inc.,Needs a verified photograph
Destination,23,Elysia Wellness Spa,Needs a verified photograph
Destination,24,Elysia Wellness Spa,Needs a verified photograph
Destination,25,Elysia Wellness Spa,Needs a verified photograph
Destination,28,Museo Dabawenyo,Needs a verified photograph
Destination,29,San Pedro Cathedral,Needs a verified photograph
Destination,30,Magsaysay Park,Needs a verified photograph
Destination,32,Japanese Tunnel,Needs a verified photograph
Destination,33,Bankerohan Public Market,Needs a verified photograph
Destination,34,Shrine of the Holy Infant Jesus of Prague,Needs a verified photograph
Destination,35,Hagimit Falls,Needs a verified photograph
Destination,36,Talikud Island,Needs a verified photograph
Destination,37,Isla Reta,Needs a verified photograph
Destination,38,Coral Garden,Needs a verified photograph
Destination,39,Aliwagwag Falls,Needs a verified photograph
Destination,40,Subangan Museum,Needs a verified photograph
Destination,41,San Salvador del Mundo Church,Needs a verified photograph
Destination,42,Pusan Point,Needs a verified photograph
Destination,43,Vanishing Island,Needs a verified photograph
Destination,44,Wishing Island,Needs a verified photograph
Destination,45,Sabang Cliff,Needs a verified photograph
Destination,46,Kaputian Beach,Needs a verified photograph
Destination,47,Giant Clam Sanctuary,Needs a verified photograph
Destination,48,Malipano Island,Needs a verified photograph
Destination,49,Monfort Bat Cave,Needs a verified photograph
Destination,50,Dayang Beach,Needs a verified photograph
Destination,51,Diaz Island,Needs a verified photograph
Destination,52,Angels Cove,Needs a verified photograph
Accommodation,1,BlueJaz Beach Resort,Needs a verified photograph
Accommodation,3,Paradise Island Park & Beach Resort,Needs a verified photograph
Accommodation,4,Acacia Hotel Davao,Needs a verified photograph
Accommodation,5,Adelina Hotel and Suites,Needs a verified photograph
Accommodation,7,Big 8 Corporate Hotel,Needs a verified photograph
Accommodation,8,Big 8 Corporate Hotel Digos,Needs a verified photograph
Accommodation,10,D'Leonor Hotel,Needs a verified photograph
Accommodation,11,Dusit D2 Davao,Needs a verified photograph
Accommodation,12,GoHotels Davao,Needs a verified photograph
Accommodation,14,Grand Palm Villas and Hotel,Needs a verified photograph
Accommodation,18,Hotel de Crisbelle,Needs a verified photograph
Accommodation,20,Madayaw Hotel,Needs a verified photograph
Accommodation,22,Panorama Summit Hotel,Needs a verified photograph
Accommodation,24,Red Planet Davao,Needs a verified photograph
Accommodation,25,Rogen Inn,Needs a verified photograph
Accommodation,27,Shine Boutique Hotel,Needs a verified photograph
Accommodation,28,Sotogrande Hotel Davao,Needs a verified photograph
Accommodation,30,Sunny Point Hotel,Needs a verified photograph
Accommodation,31,The Lanang Suites,Needs a verified photograph
Accommodation,33,The Ritz Hotel at Garden Oases,Needs a verified photograph
Accommodation,36,Waterfront Insular Hotel Davao,Needs a verified photograph
Accommodation,37,Buenavista Island Resort,Needs a verified photograph
Accommodation,38,Camp Holiday Resort and Recreation Area,Needs a verified photograph
Accommodation,39,Catigan Mountain Breeze Resort,Needs a verified photograph
Accommodation,40,Chema's by the Sea,Needs a verified photograph
Accommodation,41,Club Samal Resorts Development Inc.,Needs a verified photograph
Accommodation,42,Costa Azalea,Needs a verified photograph
Accommodation,43,Costa Marina Beach Resort,Needs a verified photograph
Accommodation,44,D' Leonor Inland Resort & Adventure Park,Needs a verified photograph
Accommodation,45,Dahican Beach Resort and Spa,Needs a verified photograph
Accommodation,46,Daya Adventure Resort Hotel,Needs a verified photograph
Accommodation,47,Discovery Samal,Needs a verified photograph
Accommodation,48,Dusit Thani Lubi Plantation Resort,Needs a verified photograph
Accommodation,49,Eden Mountain Resort,Needs a verified photograph
Accommodation,50,"Haven's Dew Resort, OPC",Needs a verified photograph
Accommodation,51,"Hidden Gardens Resort, Davao",Needs a verified photograph
Accommodation,52,Hof Gorei Beach Resort,Needs a verified photograph
Accommodation,53,Holiday Oceanview Beach Resort,Needs a verified photograph
Accommodation,54,Leticia by the Sea,Needs a verified photograph
Accommodation,55,Magnaga Waters Beach Resort,Needs a verified photograph
Accommodation,56,Malagos Garden Resort,Needs a verified photograph
Accommodation,57,Montefrio Garden Resort,Needs a verified photograph
Accommodation,58,Paradise Island Park and Beach Resort,Needs a verified photograph
Accommodation,59,Playa del Rosario Resort,Needs a verified photograph
Accommodation,60,Rustic Lounge Resort,Needs a verified photograph
Accommodation,61,Seashell Island Beach Resort,Needs a verified photograph
Accommodation,62,Stream Valley Nature's Park,Needs a verified photograph
Accommodation,63,Villa Amparo Garden Beach Resort,Needs a verified photograph
Accommodation,65,Red Knight Gardens,Needs a verified photograph
Accommodation,66,3Kings Beach Resort,Needs a verified photograph
Accommodation,67,Adecor Garden Resort,Needs a verified photograph
Accommodation,68,Aguakan Resort,Needs a verified photograph
Accommodation,69,Aikiko House,Needs a verified photograph
Accommodation,70,Altavista Beach Resort,Needs a verified photograph
Accommodation,71,Alu Hotel,Needs a verified photograph
Accommodation,72,Amaranta Suites,Needs a verified photograph
Accommodation,73,Amaya Waterfront Villa,Needs a verified photograph
Accommodation,74,Anrana Beach Resort,Needs a verified photograph
Accommodation,76,Aundanao Oasis Beach,Needs a verified photograph
Accommodation,77,Ayuste Highland Mountain Resort,Needs a verified photograph
Accommodation,78,Baculin Beach Resort,Needs a verified photograph
Accommodation,79,Bagobo Cultural Village,Needs a verified photograph
Accommodation,80,Bajada Suites OPC,Needs a verified photograph
Accommodation,81,Bungalow Vacation Rentals,Needs a verified photograph
Accommodation,82,Canibad Secret Paradise,Needs a verified photograph
Accommodation,84,Casa Leticia Boutique Hotel,Needs a verified photograph
Accommodation,86,Casa-Tanaw Inland Resort,Needs a verified photograph
Accommodation,87,Cavanico IL Mare Resort,Needs a verified photograph
Accommodation,89,Citistar Hotel,Needs a verified photograph
Accommodation,90,Citistyle Inn,Needs a verified photograph
Accommodation,91,Coral Dive beach resort,Needs a verified photograph
Accommodation,93,Cozy Quartelle Rooms & Suites,Needs a verified photograph
Accommodation,94,Cris Inn,Needs a verified photograph
Accommodation,95,Cris Inn Tagum,Needs a verified photograph
Accommodation,99,Davao Bamboo Sanctuary and Ecological Park,Needs a verified photograph
Accommodation,100,Debonaires Beach Resort,Needs a verified photograph
Accommodation,101,DGLM Inland Leisure Center,Needs a verified photograph
Accommodation,103,Domicilio Lorenzo,Needs a verified photograph
Accommodation,106,Edar's Place,Needs a verified photograph
Accommodation,107,Emma Victoria's Inn,Needs a verified photograph
Accommodation,109,Estella Beach'n Star Resort,Needs a verified photograph
Accommodation,110,First Pacific Inn,Needs a verified photograph
Accommodation,111,Frances Inn,Needs a verified photograph
Accommodation,112,Funventure Talicud Beach Resort,Needs a verified photograph
Accommodation,113,Georgia's Samal Resort,Needs a verified photograph
Accommodation,114,Golden Palace Hotel Corporation,Needs a verified photograph
Accommodation,115,Gov Gen Beach Resort,Needs a verified photograph
Accommodation,116,Grand Amber Country Inn,Needs a verified photograph
Accommodation,117,Grand8 Guesthouse,Needs a verified photograph
Accommodation,118,Greenwindows Dormitel,Needs a verified photograph
Accommodation,119,Heavenly Beach Resort,Needs a verified photograph
Accommodation,120,Heroben Hometel,Needs a verified photograph
Accommodation,121,Hijo Resorts Davao,Needs a verified photograph
Accommodation,122,Honey's Hotel and Restaurant,Needs a verified photograph
Accommodation,123,Hop Inn,Needs a verified photograph
Accommodation,125,Hotel Cabaguio,Needs a verified photograph
Accommodation,128,Hotel San Marco,Needs a verified photograph
Accommodation,130,Hotel Uno,Needs a verified photograph
Accommodation,131,Humberto's Hotel,Needs a verified photograph
Accommodation,132,Inside Room Inn,Needs a verified photograph
Accommodation,133,Island Garden Beach Resort,Needs a verified photograph
Accommodation,134,Jack's In The Sky Mountain Resort,Needs a verified photograph
Accommodation,136,Jardin De Seorita,Needs a verified photograph
Accommodation,137,Jardin De Ysabelle Eco Park,Needs a verified photograph
Accommodation,138,Jillux Lodging Beach Resort,Needs a verified photograph
Accommodation,139,JJK Realty & Commercial Corp. (Faircrown Suites),Needs a verified photograph
Accommodation,141,Kojo Hotel and Suites Inc.,Needs a verified photograph
Accommodation,142,La Anclar Hotel,Needs a verified photograph
Accommodation,143,La Vida Hostel,Needs a verified photograph
Accommodation,144,La-Florenda Beach Resort,Needs a verified photograph
Accommodation,145,Langoyon Beach Resort,Needs a verified photograph
Accommodation,146,Lispher Inn,Needs a verified photograph
Accommodation,148,Luxebridge Hotel,Needs a verified photograph
Accommodation,149,LYR Beach Resort Corporation,Needs a verified photograph
Accommodation,150,Madonna Hometel & Suites New Pandan,Needs a verified photograph
Accommodation,151,Magooz Homestay,Needs a verified photograph
Accommodation,152,Mahan Garden Resort,Needs a verified photograph
Accommodation,153,Maxze B & B Inn,Needs a verified photograph
Accommodation,154,Mergrande Beach Resort,Needs a verified photograph
Accommodation,155,MGL Resthouse and Foodhouse,Needs a verified photograph
Accommodation,157,Molave Hotel,Needs a verified photograph
Accommodation,158,Moonlit Baganga Beach Resort,Needs a verified photograph
Accommodation,159,Muland Leisure Park,Needs a verified photograph
Accommodation,160,Nacyl-V Transient House,Needs a verified photograph
Accommodation,161,Napsule Suites,Needs a verified photograph
Accommodation,163,Oceano Con Vista Highland Events Place Rental,Needs a verified photograph
Accommodation,164,Odyson's Mountain Resort,Needs a verified photograph
Accommodation,165,Oh George Inn,Needs a verified photograph
Accommodation,166,Oh George Inn,Needs a verified photograph
Accommodation,167,Oh George Inn,Needs a verified photograph
Accommodation,169,Orange Grove Hotel,Needs a verified photograph
Accommodation,170,Pacific Palm Suites,Needs a verified photograph
Accommodation,171,Park Avenue Residence Inn & Suites,Needs a verified photograph
Accommodation,172,Playa del Rosario Resort,Needs a verified photograph
Accommodation,173,Praia Vista,Needs a verified photograph
Accommodation,174,Praia Vista inc,Needs a verified photograph
Accommodation,175,Primo Whitesand Beach Resort,Needs a verified photograph
Accommodation,176,Princess Inn,Needs a verified photograph
Accommodation,177,Princess Perrine Suites,Needs a verified photograph
Accommodation,178,Punta de Gloria Villas,Needs a verified photograph
Accommodation,179,Qanaq Hotel,Needs a verified photograph
Accommodation,180,Qi Xiang Hotel,Needs a verified photograph
Accommodation,181,Rainbow Breeze Beach Resort,Needs a verified photograph
Accommodation,182,Red Barn,Needs a verified photograph
Accommodation,184,RMPC Beach Resort,Needs a verified photograph
Accommodation,187,Sequioa Inn,Needs a verified photograph
Accommodation,188,Snooze Inn & Suites,Needs a verified photograph
Accommodation,190,South Point Beach House,Needs a verified photograph
Accommodation,191,Sumo Asia Hotel,Needs a verified photograph
Accommodation,192,Sun My Hotel Corporation,Needs a verified photograph
Accommodation,193,SWISSFINITY BEACH RESORT,Needs a verified photograph
Accommodation,195,The Lucky 9 Budget Hotel,Needs a verified photograph
Accommodation,196,The Manor Hotel Davao,Needs a verified photograph
Accommodation,197,The Royale House Hotel & Dormitel,Needs a verified photograph
Accommodation,200,Tinhat Company,Needs a verified photograph
Accommodation,201,TLSY Beach Front Resort,Needs a verified photograph
Accommodation,202,Top Star Hotel,Needs a verified photograph
Accommodation,203,Tower Inn,Needs a verified photograph
Accommodation,204,Twin Mountain View Resort,Needs a verified photograph
Accommodation,205,Vafi Hills Homestay,Needs a verified photograph
Accommodation,206,Villa Carmelita Inland Resort and Hotel,Needs a verified photograph
Accommodation,207,Wind and Waves Beach Resort,Needs a verified photograph
Accommodation,208,YKG Hotel,Needs a verified photograph
Accommodation,209,Cosy Nook Condotel,Needs a verified photograph
Accommodation,210,Jazzhy Condo Unit Rental,Needs a verified photograph
Accommodation,211,JHS Condo Unit Rental,Needs a verified photograph
Accommodation,212,Leo's Condo Unit Rental,Needs a verified photograph
Accommodation,213,Nomad Escapes & Sanctuaries OPC,Needs a verified photograph
Accommodation,214,Notre Maison Property Leasing,Needs a verified photograph
Accommodation,215,Reeka-Hometel,Needs a verified photograph
Accommodation,216,Reeka-Hometel,Needs a verified photograph
Accommodation,217,RK Condo Unit Rental,Needs a verified photograph
Accommodation,218,RL Condo Unit Rental,Needs a verified photograph
Accommodation,219,Russ Condo Unit Rental,Needs a verified photograph
Accommodation,220,Sha Condo Unit Rental,Needs a verified photograph
Accommodation,221,WL Condominium Unit Rental,Needs a verified photograph
Accommodation,222,WGK Condotel,Needs a verified photograph
Restaurant,1,Marina Tuna Restaurant,Needs a verified photograph
Restaurant,2,Kublai Khan Mongolian Restaurant,Needs a verified photograph
Restaurant,3,Blue Post Boiling Crabs & Shrimp,Needs a verified photograph
Restaurant,4,Arvie's Cafe,Needs a verified photograph
Restaurant,5,Axl Dave Bibingka Food Corporation,Needs a verified photograph
Restaurant,7,BigFat Tummy's Steak and Seafood Restaurant,Needs a verified photograph
Restaurant,8,Braytside Cakes Catering Services,Needs a verified photograph
Restaurant,9,Chow2 Restaurant & Catering Services,Needs a verified photograph
Restaurant,10,ClareBites Cafe,Needs a verified photograph
Restaurant,11,Delmor's Grill House,Needs a verified photograph
Restaurant,12,Diskanso Cafe,Needs a verified photograph
Restaurant,13,Dongturks Catering Services,Needs a verified photograph
Restaurant,14,Garden By The Bay Corporation,Needs a verified photograph
Restaurant,16,George BBQ,Needs a verified photograph
Restaurant,17,Hillside 88 Bar and Restaurant,Needs a verified photograph
Restaurant,18,Hugo - Montevista Branch,Needs a verified photograph
Restaurant,19,Hugo's Pizza,Needs a verified photograph
Restaurant,20,Ibing's Cafe,Needs a verified photograph
Restaurant,22,Jenniel's Caf,Needs a verified photograph
Restaurant,23,Kapehan sa Tambacan,Needs a verified photograph
Restaurant,24,Kusina Kabacan,Needs a verified photograph
Restaurant,25,Kusina Kabacan,Needs a verified photograph
Restaurant,26,Leonora's Restaurant,Needs a verified photograph
Restaurant,30,Parola-Baywalk Restaurant,Needs a verified photograph
Restaurant,31,Pizzakaya - Maco,Needs a verified photograph
Restaurant,32,PortSide Grill House Food Corporation,Needs a verified photograph
Restaurant,33,Qan's Bibingka and Eatery,Needs a verified photograph
Restaurant,35,Sabor Elas Cafe,Needs a verified photograph
Restaurant,36,Skyway21 Nature Park,Needs a verified photograph
Restaurant,38,Tsuru,Needs a verified photograph
Restaurant,39,Tsuru Incorporated(Camus),Needs a verified photograph
Restaurant,40,Tsuru Japanese Restaurant & Sushi Bar,Needs a verified photograph
Restaurant,41,Tsuru Japanese Restaurant & Sushi Bar,Needs a verified photograph
Restaurant,42,Tsuru Japanese Restaurant & Sushi Bar,Needs a verified photograph
Restaurant,43,Vikings,Needs a verified photograph
Restaurant,44,Zorbox Cafe,Needs a verified photograph
Package,1,Samal Island Hopping Day Tour,Needs a verified photograph
Package,2,Eden Nature Park Day Adventure,Needs a verified photograph
Package,3,Mount Apo 3-Day Summit Trek,Needs a verified photograph
Package,4,Davao City Cultural Heritage Tour,Needs a verified photograph
Package,5,Dahican Beach Surf & Chill Package,Needs a verified photograph
SouvenirCenter,1,Davao Local Products & Souvenir Center,Needs a verified photograph
SouvenirCenter,2,Aldevinco Shopping Center,Needs a verified photograph
SouvenirCenter,3,Kadayawan Souvenir Shop,Needs a verified photograph
SouvenirCenter,4,Apo Ni Lola Durian Delicacies,Needs a verified photograph
SouvenirCenter,5,Godel Agriventures Inc,Needs a verified photograph
SouvenirCenter,6,Glide Freediving Diving Shop,Needs a verified photograph
SouvenirCenter,7,Glide-Diver's-Hub Diving Shop,Needs a verified photograph
SouvenirCenter,8,Ocean Bx,Needs a verified photograph
SouvenirCenter,9,Samal Freedive Collective Diving Center,Needs a verified photograph
TourOperator,1,Davao Island Explorers,Needs a verified photograph
TourOperator,2,Highland Trails Davao,Needs a verified photograph
TourOperator,3,Apo Summit Guides,Needs a verified photograph
TourOperator,4,Davao Heritage Walks,Needs a verified photograph
TourOperator,5,Mati Surf Co.,Needs a verified photograph
TourOperator,6,Airdoods Ticket Depot Company,Needs a verified photograph
TourOperator,8,Aries Travel and Tours Corporation,Needs a verified photograph
TourOperator,9,Charming Wanders Travel and Tours,Needs a verified photograph
TourOperator,10,Cyrus Travel Services,Needs a verified photograph
TourOperator,11,CM Tan Travel & Tours,Needs a verified photograph
TourOperator,12,Davao Travel and Tours,Needs a verified photograph
TourOperator,13,"Discovery Tour, Inc.",Needs a verified photograph
TourOperator,14,FastPass Travel and Tours,Needs a verified photograph
TourOperator,15,Gluck Seven Travel Agency,Needs a verified photograph
TourOperator,16,GMC Travelmakers (GMC TM TRAVEL AGENCY),Needs a verified photograph
TourOperator,17,Greta Lakwatsera Travel & Tours,Needs a verified photograph
TourOperator,18,"Hello World Tour, Inc.",Needs a verified photograph
TourOperator,19,John Gold Travel and Tour Services Corp.,Needs a verified photograph
TourOperator,20,John Gold Travel and Tour Services Corp.,Needs a verified photograph
TourOperator,21,Karst Geo Travel and Tours,Needs a verified photograph
TourOperator,22,Kerc Travel and Tours,Needs a verified photograph
TourOperator,23,"Lailai Travel And Tours Of Davao, Inc.",Needs a verified photograph
TourOperator,24,Luke John Ticketing Services and Payment Center,Needs a verified photograph
TourOperator,25,Maca Express Travel Services,Needs a verified photograph
TourOperator,26,Masanao Travel & Tours,Needs a verified photograph
TourOperator,27,"Mt Apo Travel and Tours, inc.",Needs a verified photograph
TourOperator,28,Okey Travel and Tours,Needs a verified photograph
TourOperator,29,On-The-Go-Travellers Travel Agency,Needs a verified photograph
TourOperator,30,Pasyalera Tours & Travel,Needs a verified photograph
TourOperator,31,Powerplanner Travel Consultancy Services,Needs a verified photograph
TourOperator,33,Rose Travel & Tours,Needs a verified photograph
TourOperator,34,Sarah Lea Travel and Tours Inc.,Needs a verified photograph
TourOperator,35,Silk Travel and Tours,Needs a verified photograph
TourOperator,37,Sweetcase Tour Services,Needs a verified photograph
TourOperator,38,Ticket1 Travel,Needs a verified photograph
TourOperator,39,TC Explore Travel and Tours,Needs a verified photograph
TourOperator,40,Vitor Tours and Travel,Needs a verified photograph
TourOperator,41,Vitor Tours and Travel,Needs a verified photograph
TourOperator,42,WorldCrest Travel and Tours OPC,Needs a verified photograph
TourOperator,43,WWW INFINITY TRAVEL CO. LTD,Needs a verified photograph
TourOperator,44,168 Pacific Tours Incorporated,Needs a verified photograph
TourOperator,45,A Joyfull Travel Opc,Needs a verified photograph
TourOperator,46,ACS Travel and Tours,Needs a verified photograph
TourOperator,47,Airtrips Travel and Tours,Needs a verified photograph
TourOperator,48,Angel Garnet Travel and Tours,Needs a verified photograph
TourOperator,49,A-Par Travel & Tours Inc,Needs a verified photograph
TourOperator,50,A-Star Travel and Tours,Needs a verified photograph
TourOperator,51,Canaan Travel and Tours,Needs a verified photograph
TourOperator,52,Century Express Philippines Inc,Needs a verified photograph
TourOperator,53,CFBA Travel Station,Needs a verified photograph
TourOperator,54,Chrisma Travel and Tours,Needs a verified photograph
TourOperator,55,Clarv Travel and Business Center,Needs a verified photograph
TourOperator,56,Cybercrib Trips and Tours Travel Services,Needs a verified photograph
TourOperator,57,Elevation Travel and Tours Inc.,Needs a verified photograph
TourOperator,58,Etours Davao Inc.,Needs a verified photograph
TourOperator,59,Footsteps Travel and Tours,Needs a verified photograph
TourOperator,60,GKR Tours,Needs a verified photograph
TourOperator,61,Globalwings Travel and Tours,Needs a verified photograph
TourOperator,63,"Inclusive Travel and Tours, Inc.",Needs a verified photograph
TourOperator,64,JGV Travel and Tours,Needs a verified photograph
TourOperator,65,JJVen Tour Services,Needs a verified photograph
TourOperator,66,JNJ Universal Travel and Tours,Needs a verified photograph
TourOperator,67,Lakbay Davao Travel & Consultancy and Business,Needs a verified photograph
TourOperator,68,LHB Travel and Tours,Needs a verified photograph
TourOperator,69,Liamdrei Travel and Tours,Needs a verified photograph
TourOperator,70,LNJT Travel & Tours,Needs a verified photograph
TourOperator,71,MBCC Travel and Tours Services,Needs a verified photograph
TourOperator,75,Real Breeze Travel and Tours,Needs a verified photograph
TourOperator,76,RH Destinations Travel and Tours,Needs a verified photograph
TourOperator,77,Skyteam Services Inc,Needs a verified photograph
TourOperator,78,Sky Trail Travel and Tours,Needs a verified photograph
TourOperator,79,Surelite Travel and Tours,Needs a verified photograph
TourOperator,80,Tourlounge Travel Management,Needs a verified photograph
TourOperator,81,Travel Advantage Tour Services,Needs a verified photograph
TourOperator,82,Trip Expert Travel and Tours,Needs a verified photograph
TourOperator,83,Wandertime Travel And Tours Corporation,Needs a verified photograph
TourOperator,84,Yana Byahe Na Travel and Tours,Needs a verified photograph
TourOperator,85,Card MRI Hijos Tours Inc.,Needs a verified photograph
TourOperator,86,Projectphl81 Tour Services,Needs a verified photograph
TourOperator,88,Aldimel Car Express Rent A Car,Needs a verified photograph
TourOperator,89,MBCA Leticia by the Sea,Needs a verified photograph
TourOperator,90,EIJ VESSELS BOAT RENTAL,Needs a verified photograph
TourOperator,91,YMC Ocean Breeze Island Cruise,Needs a verified photograph
